{
    "mean": [
        0.6266499161720276,
        0.5918809771537781,
        0.47740617394447327,
        120.52991485595703,
        0.25722408294677734,
        0.07134715467691422,
        0.11644411087036133,
        0.19639438390731812,
        5.0
    ],
    "std": [
        0.22397015988826752,
        0.17518270015716553,
        0.24159488081932068,
        29.1907958984375,
        0.29333916306495667,
        0.20555923879146576,
        0.1231960654258728,
        0.16269151866436005,
        3.5
    ],
    "min": [
        0.0,
        0.06,
        0.0,
        31.0,
        0.0,
        0.0,
        0.02,
        0.01,
        0.0
    ],
    "max": [
        1.0,
        0.99,
        1.0,
        200.0,
        1.0,
        1.0,
        0.97,
        1.0,
        11.0
    ],
    "features": [
        "energy",
        "danceability",
        "valence",
        "tempo",
        "acousticness",
        "instrumentalness",
        "speechiness",
        "liveness",
        "key"
    ]
}