{
    "mean": [
        0.5096354643849976,
        0.49301871588985824,
        0.4280278036123298,
        117.62301256711288,
        0.4466661867582976,
        0.28307493944677203,
        0.08432791693044253,
        0.20156034635693995,
        0.4723180055574562
    ],
    "std": [
        0.29468451968170406,
        0.18970269252428487,
        0.27050711375201075,
        30.938016653335772,
        0.3852258957960849,
        0.3763870020195789,
        0.11589654500101605,
        0.1803738193495972,
        0.3215643336744942
    ],
    "features": [
        "energy",
        "danceability",
        "valence",
        "tempo",
        "acousticness",
        "instrumentalness",
        "speechiness",
        "liveness",
        "key"
    ],
    "note": "Used for Autoencoder Inference Z-score normalization"
}